MW,LogP,HBD,HBA,TPSA,Rotatable_bonds,Lipinski,Drug
319.88000000000005,4.810600000000004,1,3,28.16,8,True,Chloroquine
186.20699999999997,1.2062,1,3,55.760000000000005,1,True,Artemisinin
376.5410000000002,3.8115000000000023,0,5,34.17,7,True,Lumefantrine
